{
  "/storage/emulated/0/hornetoriginal/commands/Diversão/Aposta.js": {
    "newName": "apostar",
    "newDescription": "Cria uma aposta em grupo e sorteia o prêmio total para um vencedor.",
    "modifiedAt": "2025-11-30T08:45:07.440Z"
  },
  "/storage/emulated/0/hornetoriginal/commands/Diversão/Ações.js": {
    "newName": "creditar",
    "newDescription": "Adiciona uma quantia de moeda ao saldo de um usuário.",
    "modifiedAt": "2025-11-30T08:45:23.966Z"
  },
  "/storage/emulated/0/hornetoriginal/commands/Diversão/Conectar.js": {
    "newName": "conectar",
    "newDescription": "Conecta o bot a um canal de voz.",
    "modifiedAt": "2025-11-30T08:45:34.604Z"
  },
  "/storage/emulated/0/hornetoriginal/commands/Diversão/Excluir.js": {
    "newName": "excluir",
    "newDescription": "Exclui permanentemente um emoji do banco de dados.",
    "modifiedAt": "2025-11-30T08:47:50.153Z"
  },
  "/storage/emulated/0/hornetoriginal/commands/Diversão/Latência.js": {
    "newName": "ping",
    "newDescription": "Verifica a latência do bot e a conexão com a API.",
    "modifiedAt": "2025-11-30T08:48:02.376Z"
  },
  "/storage/emulated/0/hornetoriginal/commands/Diversão/ListarEmojis.js": {
    "newName": "emojis",
    "newDescription": "Exibe a lista de emojis personalizados e verifica sua validade.",
    "modifiedAt": "2025-11-30T08:48:13.533Z"
  },
  "/storage/emulated/0/hornetoriginal/commands/Diversão/Pesquisas.js": {
    "newName": "pesquisa",
    "newDescription": "Abre um painel interativo para pesquisar e listar skins.",
    "modifiedAt": "2025-11-30T08:52:13.406Z"
  },
  "/storage/emulated/0/hornetoriginal/commands/Diversão/Ranking.js": {
    "newName": "ranking",
    "newDescription": "Exibe o ranking de usuários com mais tempo em canais de voz.",
    "modifiedAt": "2025-11-30T08:52:24.732Z"
  },
  "/storage/emulated/0/hornetoriginal/commands/Diversão/Recompensa.js": {
    "newName": "diario",
    "newDescription": "Coleta a recompensa monetária diária e aumenta sua sequência.",
    "modifiedAt": "2025-11-30T08:52:40.913Z"
  },
  "/storage/emulated/0/hornetoriginal/commands/Diversão/Remover.js": {
    "newName": "remover",
    "newDescription": "Remove uma quantia de Rosários do saldo de um usuário.",
    "modifiedAt": "2025-11-30T08:53:12.648Z"
  },
  "/storage/emulated/0/hornetoriginal/commands/Diversão/Saldo.js": {
    "newName": "saldo",
    "newDescription": "Exibe o saldo de Rosários e a sequência diária de um usuário.",
    "modifiedAt": "2025-11-30T08:53:28.429Z"
  },
  "/storage/emulated/0/hornetoriginal/commands/Diversão/SugestãoConfig.js": {
    "newName": "configurar",
    "newDescription": "Configura o canal e gerencia o sistema de sugestões.",
    "modifiedAt": "2025-11-30T08:53:44.190Z"
  },
  "/storage/emulated/0/hornetoriginal/commands/Diversão/Tradução.js": {
    "newName": "traduzir",
    "newDescription": "Anexa um painel interativo para traduzir uma mensagem específica.",
    "modifiedAt": "2025-11-30T08:54:01.295Z"
  },
  "/storage/emulated/0/hornetoriginal/commands/Diversão/ajuda.js": {
    "newName": "ajuda",
    "newDescription": "Exibe a lista de comandos e suas descrições detalhadas.",
    "modifiedAt": "2025-11-30T08:54:13.081Z"
  },
  "/storage/emulated/0/hornetoriginal/commands/Diversão/informações.js": {
    "newName": "bot",
    "newDescription": "Exibe informações, estatísticas e links úteis sobre o bot.",
    "modifiedAt": "2025-11-30T08:54:31.077Z"
  },
  "/storage/emulated/0/hornetoriginal/commands/Diversão/notificação.js": {
    "newName": "painel",
    "newDescription": "Envia o painel de inscrição para notificações de conteúdo.",
    "modifiedAt": "2025-11-30T08:54:45.624Z"
  },
  "/storage/emulated/0/hornetoriginal/commands/Diversão/sugerir.js": {
    "newName": "sugerir",
    "newDescription": "Abre um formulário para enviar uma sugestão ao servidor.",
    "modifiedAt": "2025-11-30T08:54:59.748Z"
  },
  "/storage/emulated/0/hornetoriginal/commands/Moderação/ApagarTudo.js": {
    "newName": "recriar",
    "newDescription": "Recria um canal para apagar permanentemente todas as suas mensagens.",
    "modifiedAt": "2025-11-30T08:55:48.544Z"
  },
  "/storage/emulated/0/hornetoriginal/commands/Moderação/Aviso.js": {
    "newName": "avisar",
    "newDescription": "Aplica um aviso a um usuário e registra a infração.",
    "modifiedAt": "2025-11-30T08:55:58.220Z"
  },
  "/storage/emulated/0/hornetoriginal/commands/Moderação/Banir.js": {
    "newName": "banir",
    "newDescription": "Bane permanentemente um usuário do servidor.",
    "modifiedAt": "2025-11-30T08:56:08.064Z"
  },
  "/storage/emulated/0/hornetoriginal/commands/Moderação/DannEGle.js": {
    "newName": "painel",
    "newDescription": "Abre o painel administrativo para gerenciar as compilações de Hollow Knight.",
    "modifiedAt": "2025-11-30T08:56:22.493Z"
  },
  "/storage/emulated/0/hornetoriginal/commands/Moderação/Desbanir.js": {
    "newName": "desbanir",
    "newDescription": "Remove o banimento de um usuário do servidor.",
    "modifiedAt": "2025-11-30T08:56:32.527Z"
  },
  "/storage/emulated/0/hornetoriginal/commands/Moderação/Dessilenciar.js": {
    "newName": "dessilenciar",
    "newDescription": "Remove o silenciamento (timeout) de um usuário no servidor.",
    "modifiedAt": "2025-11-30T08:56:41.772Z"
  },
  "/storage/emulated/0/hornetoriginal/commands/Moderação/Expulsar.js": {
    "newName": "expulsar",
    "newDescription": "Expulsa um usuário do servidor.",
    "modifiedAt": "2025-11-30T08:56:50.340Z"
  },
  "/storage/emulated/0/hornetoriginal/commands/Diversão/stock.js": {
    "newName": "adicionar",
    "newDescription": "Adiciona uma quantia de moeda ao saldo de um usuário.",
    "modifiedAt": "2025-11-30T08:59:01.878Z"
  },
  "/storage/emulated/0/hornetoriginal/commands/Moderação/Menu.js": {
    "newName": "painel",
    "newDescription": "Abre o painel de gerenciamento de recursos.",
    "modifiedAt": "2025-11-30T08:59:33.417Z"
  },
  "/storage/emulated/0/hornetoriginal/commands/Moderação/PainelAvisos.js": {
    "newName": "avisos",
    "newDescription": "Exibe o painel para gerenciar os avisos dos usuários.",
    "modifiedAt": "2025-11-30T08:59:50.979Z"
  },
  "/storage/emulated/0/hornetoriginal/commands/Moderação/Permissão.js": {
    "newName": "permissao",
    "newDescription": "Gerencia o acesso de um usuário a comandos restritos.",
    "modifiedAt": "2025-11-30T09:00:23.784Z"
  },
  "/storage/emulated/0/hornetoriginal/commands/Moderação/PermissãoCargo.js": {
    "newName": "permissao",
    "newDescription": "Configura os cargos que podem usar o sistema de avisos.",
    "modifiedAt": "2025-11-30T09:00:40.244Z"
  },
  "/storage/emulated/0/hornetoriginal/commands/Moderação/RemoverAviso.js": {
    "newName": "desavisar",
    "newDescription": "Remove um ou todos os avisos de um usuário.",
    "modifiedAt": "2025-11-30T09:00:53.035Z"
  },
  "/storage/emulated/0/hornetoriginal/commands/Moderação/Say.js": {
    "newName": "anunciar",
    "newDescription": "Envia uma mensagem personalizada em um canal através do bot.",
    "modifiedAt": "2025-11-30T09:01:21.858Z"
  },
  "/storage/emulated/0/hornetoriginal/commands/Moderação/Silenciar.js": {
    "newName": "silenciar",
    "newDescription": "Silencia um usuário no servidor por um tempo determinado.",
    "modifiedAt": "2025-11-30T09:01:35.443Z"
  },
  "/storage/emulated/0/hornetoriginal/commands/Moderação/Silksong.js": {
    "newName": "gerenciar",
    "newDescription": "Abre o painel administrativo para gerenciar os Ports.",
    "modifiedAt": "2025-11-30T09:01:54.177Z"
  },
  "/storage/emulated/0/hornetoriginal/commands/Moderação/Warn.js": {
    "newName": "avisar",
    "newDescription": "Aplica um aviso a um usuário e registra a infração.",
    "modifiedAt": "2025-11-30T09:02:10.023Z"
  },
  "/storage/emulated/0/hornetoriginal/commands/Moderação/configAvisos.js": {
    "newName": "avisos",
    "newDescription": "Configura o sistema de avisos e punições automáticas.",
    "modifiedAt": "2025-11-30T09:02:27.449Z"
  }
}