{
    "accentColor": 14568274,
    "mainSection": {
        "thumbnailUrl": "https://iili.io/f2ePUAJ.png",
        "content": "## 🎨 Hub de Skins\n\nBem-vindo ao **Hub de Skins do Hollow Knight Mobile** para dispositivos **Android**!\n\n<:info:1429585442902114425> **__Informações Importantes:__**\n- Novas **skins** e **customizações** serão **adicionadas regularmente** com base na **demanda**.\n- Respeite os **direitos autorais** e **não** compartilhe indevidamente sem **permissão**.\n\n<:Knight:1441118824412745901>**Modifique** seu **Hollow Knight Mobile** com as melhores **skins** disponíveis!\n"
    },
    "mediaGallery": {
        "items": [
            {
                "url": "https://i.postimg.cc/zv0ctzth/201-Sem-Titulo-20251103173845.png"
            }
        ]
    },
    "addSeparators": true
}