{
    "accentColor": 2123412,
    "mainSection": {
        "thumbnailUrl": "https://iili.io/f2ePUAJ.png",
        "content": "## <:Star:1441118708981563522> Hollow Knight Mobile\n\nBem-vindo ao Hub de Ports de Hollow Knight para Dispositivos Android & iOS!\n### 📖 Versões Disponíveis:\n- **__Dan Cooper__**\n  - Focado em Android\n  - Gráficos aprimorados\n  - Versão mais otimizada atualmente\n  - Suporte para **Teclado**, **Tela de Toque** e **Controles** quase sem bugs\n- **__GLE Ports__**\n  - Focado em iOS\n  - Gráficos aprimorados\n  - Não muito bem otimizado\n  - Suporte para **Teclado**, **Tela de Toque** e **Controles** com alguns bugs\n\n**Clique no botão abaixo** e escolha sua versão favorita para explorar **Hallownest!**"
    },
    "addSeparators": true
}