{
    "accentColor": 15158332,
    "mainSection": {
        "thumbnailUrl": "https://iili.io/f2ePUAJ.png",
        "content": "## <:Star:1441118708981563522> Silksong Mobile\n\nBem-vindo ao Hub de Ports de Hollow Knight Silksong para Dispositivos Android!\n### 📖 Versões Disponíveis:\n- **__Porting Workshop__**\n  - Versão mais estável \n  - Gráficos aprimorados\n  - Não muito otimizada \n  - Suporte para **Teclado** e alguns **Controles** com bugs\n\n- **__Weave Wing__**\n  - Gráficos levemente reduzidos\n  - HUD customizável a qualquer momento \n  - Versão mais otimizada atualmente\n  - Suporte para **Tela de Toque**, **Teclado** e alguns **Controles** com bugs\n\n- **__GLE Ports__**\n  - Em desenvolvimento constante\n  - Cerca de **80%** do **progresso** \n  - Sem data de lançamento\n\n**Clique no botão abaixo** e escolha sua versão favorita para se aventurar em **Pharloom!**"
    },
    "addSeparators": true
}