{
    "accentColor": 10180022,
    "mainSection": {
        "thumbnailUrl": "https://iili.io/f2ePUAJ.png",
        "content": "## <:Star:1441118708981563522> Hub de Fusão\n\nBem-vindo ao **Hub de Fusão do Hollow Knight Silksong Mobile** para dispositivos **Android**!\n\n<:info:1429585442902114425> **__Informações Importantes:__**\n- Novas **fusões** de **mods** e **skins** serão **adicionadas regularmente** com base na **demanda**.\n- Respeite os **direitos autorais** e **não** compartilhe indevidamente sem **permissão**.\n\n<:Knight:1441118824412745901>**Modifique** seu **Hollow Knight Silksong Mobile** com as melhores **fusões** disponíveis!"
    },
    "mediaGallery": {
        "items": [
            {
                "url": "https://i.postimg.cc/fTjD47dr/201-Sem-Titulo-20251103053631.png"
            }
        ]
    },
    "addSeparators": true
}